{
    "epochs": [
        {
            "epoch": 1,
            "train_loss": 4.47144847295501,
            "train_tasks_metrics": {
                "emotion": {
                    "acc": 0.3648068669527897,
                    "f1": 0.35254327502315264,
                    "prec": 0.342581699489095,
                    "rec": 0.3648068669527897,
                    "report": "              precision    recall  f1-score   support\n\n           0       0.00      0.00      0.00        14\n           1       0.00      0.00      0.00        29\n           2       0.05      0.12      0.07        32\n           3       0.50      0.52      0.51       317\n           4       0.35      0.38      0.37       220\n           5       0.00      0.00      0.00        30\n           6       0.03      0.02      0.02        57\n\n    accuracy                           0.36       699\n   macro avg       0.13      0.15      0.14       699\nweighted avg       0.34      0.36      0.35       699\n"
                },
                "sub_emotion": {
                    "acc": 0.2532188841201717,
                    "f1": 0.14785858811674002,
                    "prec": 0.12109665405206162,
                    "rec": 0.2532188841201717,
                    "report": "              precision    recall  f1-score   support\n\n           0       0.00      0.00      0.00        58\n           1       0.00      0.00      0.00        19\n           2       0.00      0.00      0.00         2\n           3       0.00      0.00      0.00        12\n           4       0.00      0.00      0.00        37\n           5       0.00      0.00      0.00         9\n           6       0.00      0.00      0.00        25\n           7       0.25      0.04      0.06        28\n           8       0.00      0.00      0.00        12\n           9       0.00      0.00      0.00        23\n          10       0.00      0.00      0.00        28\n          11       0.00      0.00      0.00         1\n          12       0.00      0.00      0.00         5\n          13       0.14      0.02      0.03        54\n          14       0.00      0.00      0.00         5\n          15       0.00      0.00      0.00         5\n          17       0.01      0.11      0.02         9\n          19       0.00      0.00      0.00        22\n          20       0.32      0.79      0.45       220\n          21       0.00      0.00      0.00        56\n          22       0.00      0.00      0.00        21\n          23       0.00      0.00      0.00         8\n          24       0.00      0.00      0.00         9\n          25       0.00      0.00      0.00         2\n          26       0.00      0.00      0.00         5\n          27       0.00      0.00      0.00        24\n\n    accuracy                           0.25       699\n   macro avg       0.03      0.04      0.02       699\nweighted avg       0.12      0.25      0.15       699\n"
                },
                "intensity": {
                    "acc": 0.5851216022889842,
                    "f1": 0.46391023721595637,
                    "prec": 0.3844071345982099,
                    "rec": 0.5851216022889842,
                    "report": "              precision    recall  f1-score   support\n\n           0       0.62      0.95      0.75       431\n           1       0.00      0.00      0.00       224\n           2       0.02      0.02      0.02        44\n\n    accuracy                           0.59       699\n   macro avg       0.21      0.32      0.26       699\nweighted avg       0.38      0.59      0.46       699\n"
                }
            },
            "val_loss": 4.191194105148315,
            "val_tasks_metrics": {
                "emotion": {
                    "acc": 0.34615384615384615,
                    "f1": 0.3668675497943791,
                    "prec": 0.4745881116848858,
                    "rec": 0.34615384615384615,
                    "report": "              precision    recall  f1-score   support\n\n           0       0.00      0.00      0.00         2\n           1       0.00      0.00      0.00         3\n           2       0.08      0.75      0.15         4\n           3       0.55      0.49      0.52        35\n           4       0.70      0.28      0.40        25\n           5       0.00      0.00      0.00         3\n           6       0.00      0.00      0.00         6\n\n    accuracy                           0.35        78\n   macro avg       0.19      0.22      0.15        78\nweighted avg       0.47      0.35      0.37        78\n"
                },
                "sub_emotion": {
                    "acc": 0.32051282051282054,
                    "f1": 0.15558874782175755,
                    "prec": 0.10272846811308349,
                    "rec": 0.32051282051282054,
                    "report": "              precision    recall  f1-score   support\n\n           0       0.00      0.00      0.00         7\n           1       0.00      0.00      0.00         3\n           3       0.00      0.00      0.00         2\n           4       0.00      0.00      0.00         7\n           5       0.00      0.00      0.00         1\n           6       0.00      0.00      0.00         5\n           7       0.00      0.00      0.00         4\n           9       0.00      0.00      0.00         2\n          10       0.00      0.00      0.00         3\n          13       0.00      0.00      0.00         4\n          15       0.00      0.00      0.00         1\n          19       0.00      0.00      0.00         4\n          20       0.32      1.00      0.49        25\n          21       0.00      0.00      0.00         4\n          22       0.00      0.00      0.00         4\n          23       0.00      0.00      0.00         1\n          25       0.00      0.00      0.00         1\n\n    accuracy                           0.32        78\n   macro avg       0.02      0.06      0.03        78\nweighted avg       0.10      0.32      0.16        78\n"
                },
                "intensity": {
                    "acc": 0.6794871794871795,
                    "f1": 0.5498140536308476,
                    "prec": 0.4617028270874424,
                    "rec": 0.6794871794871795,
                    "report": "              precision    recall  f1-score   support\n\n           0       0.68      1.00      0.81        53\n           1       0.00      0.00      0.00        21\n           2       0.00      0.00      0.00         4\n\n    accuracy                           0.68        78\n   macro avg       0.23      0.33      0.27        78\nweighted avg       0.46      0.68      0.55        78\n"
                }
            }
        }
    ],
    "best_validation_f1s": {
        "emotion": 0.3668675497943791,
        "sub_emotion": 0.15558874782175755,
        "intensity": 0.5498140536308476
    },
    "best_overall_validation_emotion_f1": 0.3668675497943791
}