{
    "epochs": [
        {
            "epoch": 1,
            "train_loss": 4.388004752567836,
            "train_tasks_metrics": {
                "emotion": {
                    "acc": 0.2854077253218884,
                    "f1": 0.261987989943989,
                    "prec": 0.2697604988407957,
                    "rec": 0.2854077253218884,
                    "report": "              precision    recall  f1-score   support\n\n           0       0.00      0.00      0.00        60\n           1       0.17      0.15      0.16       149\n           2       0.04      0.12      0.06        58\n           3       0.39      0.26      0.31       484\n           4       0.34      0.55      0.42       435\n           5       0.00      0.00      0.00        72\n           6       0.12      0.04      0.05       140\n\n    accuracy                           0.29      1398\n   macro avg       0.15      0.16      0.14      1398\nweighted avg       0.27      0.29      0.26      1398\n"
                },
                "sub_emotion": {
                    "acc": 0.2811158798283262,
                    "f1": 0.15215465031323056,
                    "prec": 0.12222869276678898,
                    "rec": 0.2811158798283262,
                    "report": "              precision    recall  f1-score   support\n\n           0       0.00      0.00      0.00        65\n           1       0.00      0.00      0.00        18\n           2       0.00      0.00      0.00        12\n           3       0.03      0.10      0.05        48\n           4       0.00      0.00      0.00        39\n           5       0.00      0.00      0.00        18\n           6       0.00      0.00      0.00        71\n           7       0.20      0.01      0.02       105\n           8       0.00      0.00      0.00        16\n           9       0.00      0.00      0.00        37\n          10       0.00      0.00      0.00       101\n          11       0.00      0.00      0.00        48\n          12       0.00      0.00      0.00         5\n          13       0.00      0.00      0.00        49\n          14       0.00      0.00      0.00        23\n          15       0.00      0.00      0.00         8\n          16       0.00      0.00      0.00         1\n          17       0.00      0.00      0.00        10\n          18       0.00      0.00      0.00        30\n          19       0.32      0.89      0.47       435\n          20       0.07      0.02      0.03       114\n          21       0.00      0.00      0.00        27\n          22       0.00      0.00      0.00        37\n          23       0.00      0.00      0.00        15\n          24       0.00      0.00      0.00         5\n          25       0.00      0.00      0.00        29\n          26       0.00      0.00      0.00        32\n\n    accuracy                           0.28      1398\n   macro avg       0.02      0.04      0.02      1398\nweighted avg       0.12      0.28      0.15      1398\n"
                },
                "intensity": {
                    "acc": 0.5522174535050072,
                    "f1": 0.45438429692673465,
                    "prec": 0.5041247682416183,
                    "rec": 0.5522174535050072,
                    "report": "              precision    recall  f1-score   support\n\n           0       0.58      0.91      0.71       799\n           1       0.47      0.05      0.09       435\n           2       0.21      0.13      0.16       164\n\n    accuracy                           0.55      1398\n   macro avg       0.42      0.37      0.32      1398\nweighted avg       0.50      0.55      0.45      1398\n"
                }
            },
            "val_loss": 4.25607750415802,
            "val_tasks_metrics": {
                "emotion": {
                    "acc": 0.33974358974358976,
                    "f1": 0.27030696535527454,
                    "prec": 0.3540642412323828,
                    "rec": 0.33974358974358976,
                    "report": "              precision    recall  f1-score   support\n\n           0       0.00      0.00      0.00         7\n           1       0.11      0.18      0.14        17\n           2       0.00      0.00      0.00         6\n           3       0.67      0.19      0.29        54\n           4       0.35      0.82      0.49        49\n           5       0.00      0.00      0.00         8\n           6       0.00      0.00      0.00        15\n\n    accuracy                           0.34       156\n   macro avg       0.16      0.17      0.13       156\nweighted avg       0.35      0.34      0.27       156\n"
                },
                "sub_emotion": {
                    "acc": 0.3141025641025641,
                    "f1": 0.1501563477173233,
                    "prec": 0.09866042077580539,
                    "rec": 0.3141025641025641,
                    "report": "              precision    recall  f1-score   support\n\n           0       0.00      0.00      0.00         4\n           1       0.00      0.00      0.00         4\n           2       0.00      0.00      0.00         3\n           3       0.00      0.00      0.00         4\n           4       0.00      0.00      0.00        11\n           5       0.00      0.00      0.00         1\n           6       0.00      0.00      0.00         6\n           7       0.00      0.00      0.00        12\n           8       0.00      0.00      0.00         1\n           9       0.00      0.00      0.00         2\n          10       0.00      0.00      0.00        11\n          11       0.00      0.00      0.00         6\n          13       0.00      0.00      0.00        11\n          14       0.00      0.00      0.00         1\n          15       0.00      0.00      0.00         1\n          18       0.00      0.00      0.00         5\n          19       0.31      1.00      0.48        49\n          20       0.00      0.00      0.00         9\n          22       0.00      0.00      0.00         4\n          24       0.00      0.00      0.00         2\n          25       0.00      0.00      0.00         4\n          26       0.00      0.00      0.00         5\n\n    accuracy                           0.31       156\n   macro avg       0.01      0.05      0.02       156\nweighted avg       0.10      0.31      0.15       156\n"
                },
                "intensity": {
                    "acc": 0.5769230769230769,
                    "f1": 0.42213883677298314,
                    "prec": 0.3328402366863905,
                    "rec": 0.5769230769230769,
                    "report": "              precision    recall  f1-score   support\n\n           0       0.58      1.00      0.73        90\n           1       0.00      0.00      0.00        52\n           2       0.00      0.00      0.00        14\n\n    accuracy                           0.58       156\n   macro avg       0.19      0.33      0.24       156\nweighted avg       0.33      0.58      0.42       156\n"
                }
            }
        }
    ],
    "best_validation_f1s": {
        "emotion": 0.27030696535527454,
        "sub_emotion": 0.1501563477173233,
        "intensity": 0.42213883677298314
    },
    "best_overall_validation_emotion_f1": 0.27030696535527454
}