{
    "epochs": [
        {
            "epoch": 1,
            "train_loss": 4.558456548235633,
            "train_tasks_metrics": {
                "emotion": {
                    "acc": 0.36909871244635195,
                    "f1": 0.3464401884566743,
                    "prec": 0.34264358109517074,
                    "rec": 0.36909871244635195,
                    "report": "              precision    recall  f1-score   support\n\n           0       0.02      0.14      0.03        14\n           1       0.00      0.00      0.00        29\n           2       0.00      0.00      0.00        32\n           3       0.47      0.62      0.54       317\n           4       0.41      0.27      0.33       220\n           5       0.00      0.00      0.00        30\n           6       0.00      0.00      0.00        57\n\n    accuracy                           0.37       699\n   macro avg       0.13      0.15      0.13       699\nweighted avg       0.34      0.37      0.35       699\n"
                },
                "sub_emotion": {
                    "acc": 0.2532188841201717,
                    "f1": 0.14498663457544808,
                    "prec": 0.10333681320805785,
                    "rec": 0.2532188841201717,
                    "report": "              precision    recall  f1-score   support\n\n           0       0.00      0.00      0.00        58\n           1       0.00      0.00      0.00        19\n           2       0.00      0.00      0.00         2\n           3       0.00      0.00      0.00        12\n           4       0.07      0.03      0.04        37\n           5       0.00      0.00      0.00         9\n           6       0.00      0.00      0.00        25\n           7       0.00      0.00      0.00        28\n           8       0.00      0.00      0.00        12\n           9       0.00      0.00      0.00        23\n          10       0.00      0.00      0.00        28\n          11       0.00      0.00      0.00         1\n          12       0.00      0.00      0.00         5\n          13       0.00      0.00      0.00        54\n          14       0.00      0.00      0.00         5\n          15       0.00      0.00      0.00         5\n          17       0.00      0.00      0.00         9\n          19       0.00      0.00      0.00        22\n          20       0.32      0.80      0.45       220\n          21       0.00      0.00      0.00        56\n          22       0.00      0.00      0.00        21\n          23       0.00      0.00      0.00         8\n          24       0.00      0.00      0.00         9\n          25       0.00      0.00      0.00         2\n          26       0.00      0.00      0.00         5\n          27       0.00      0.00      0.00        24\n\n    accuracy                           0.25       699\n   macro avg       0.01      0.03      0.02       699\nweighted avg       0.10      0.25      0.14       699\n"
                },
                "intensity": {
                    "acc": 0.5879828326180258,
                    "f1": 0.4802006304813685,
                    "prec": 0.45795021978565925,
                    "rec": 0.5879828326180258,
                    "report": "              precision    recall  f1-score   support\n\n           0       0.61      0.93      0.74       431\n           1       0.26      0.05      0.08       224\n           2       0.00      0.00      0.00        44\n\n    accuracy                           0.59       699\n   macro avg       0.29      0.33      0.27       699\nweighted avg       0.46      0.59      0.48       699\n"
                }
            },
            "val_loss": 4.276442432403565,
            "val_tasks_metrics": {
                "emotion": {
                    "acc": 0.47435897435897434,
                    "f1": 0.34624713049262246,
                    "prec": 0.44655232155232155,
                    "rec": 0.47435897435897434,
                    "report": "              precision    recall  f1-score   support\n\n           0       0.00      0.00      0.00         2\n           1       0.00      0.00      0.00         3\n           2       0.00      0.00      0.00         4\n           3       0.46      0.97      0.62        35\n           4       0.75      0.12      0.21        25\n           5       0.00      0.00      0.00         3\n           6       0.00      0.00      0.00         6\n\n    accuracy                           0.47        78\n   macro avg       0.17      0.16      0.12        78\nweighted avg       0.45      0.47      0.35        78\n"
                },
                "sub_emotion": {
                    "acc": 0.32051282051282054,
                    "f1": 0.15558874782175755,
                    "prec": 0.10272846811308349,
                    "rec": 0.32051282051282054,
                    "report": "              precision    recall  f1-score   support\n\n           0       0.00      0.00      0.00         7\n           1       0.00      0.00      0.00         3\n           3       0.00      0.00      0.00         2\n           4       0.00      0.00      0.00         7\n           5       0.00      0.00      0.00         1\n           6       0.00      0.00      0.00         5\n           7       0.00      0.00      0.00         4\n           9       0.00      0.00      0.00         2\n          10       0.00      0.00      0.00         3\n          13       0.00      0.00      0.00         4\n          15       0.00      0.00      0.00         1\n          19       0.00      0.00      0.00         4\n          20       0.32      1.00      0.49        25\n          21       0.00      0.00      0.00         4\n          22       0.00      0.00      0.00         4\n          23       0.00      0.00      0.00         1\n          25       0.00      0.00      0.00         1\n\n    accuracy                           0.32        78\n   macro avg       0.02      0.06      0.03        78\nweighted avg       0.10      0.32      0.16        78\n"
                },
                "intensity": {
                    "acc": 0.6794871794871795,
                    "f1": 0.5498140536308476,
                    "prec": 0.4617028270874424,
                    "rec": 0.6794871794871795,
                    "report": "              precision    recall  f1-score   support\n\n           0       0.68      1.00      0.81        53\n           1       0.00      0.00      0.00        21\n           2       0.00      0.00      0.00         4\n\n    accuracy                           0.68        78\n   macro avg       0.23      0.33      0.27        78\nweighted avg       0.46      0.68      0.55        78\n"
                }
            }
        }
    ],
    "best_validation_f1s": {
        "emotion": 0.34624713049262246,
        "sub_emotion": 0.15558874782175755,
        "intensity": 0.5498140536308476
    },
    "best_overall_validation_emotion_f1": 0.34624713049262246
}